{
    "1": {
      "url": "https://clickette.net/u/xCHh2B.png",
      "title": "the 100 yard stare"
    },
    "2": {
      "url": "https://clickette.net/u/vHv8yH.jpg",
      "title": "ginger is eepy :D"
    },
    "3": {
      "url": "https://clickette.net/u/CaKDeH.jpg",
      "title": "ginger eeping :D"
    },
    "4": {
      "url": "https://clickette.net/u/n5n4lV.jpg",
      "title": "cat strong, cat break wall!!!!"
    },
    "5": {
      "url": "https://clickette.net/u/vnFzx8.jpg",
      "title": "the council is watching"
    },
    "6": {
      "url": "https://clickette.net/u/paJQG3.jpg",
      "title": "the council spectates"
    },
    "7": {
      "url": "https://clickette.net/u/KHFQ4O.jpg",
      "title": "ginger jail :("
    },
    "8": {
      "url": "https://clickette.net/u/61tcCc.jpg",
      "title": "ginger going insane :((("
    },
    "9": {
      "url": "https://clickette.net/u/nwEvk2.jpg",
      "title": "ginger eeping again"
    },
    "10": {
      "url": "https://clickette.net/u/rR3AMJ.jpg",
      "title": "ginger very eepy"
    },
    "11": {
      "url": "https://clickette.net/u/E1O46C.jpg",
      "title": "ginger eeping :DDDDD"
    },
    "12": {
      "url": "https://clickette.net/u/FOMVwP.jpg",
      "title": "ginger eeping (directors cut)"
    },
    "13": {
      "url": "https://clickette.net/u/fQM2Mi.jpg",
      "title": "ginger is calling the cartel 😨"
    },
    "14": {
      "url": "https://clickette.net/u/6cKg1H.jpg",
      "title": "0 brain activity"
    },
    "15": {
      "url": "https://clickette.net/u/bO9xQk.jpg",
      "title": "ginger 👍"
    },
    "16": {
      "url": "https://clickette.net/u/ZUO619.jpg",
      "title": "why so eeby :("
    },
    "17": {
      "url": "https://clickette.net/u/10lrmq.jpg",
      "title": "ginger fall asleep, break wall too tiring"
    },
    "18": {
      "url": "https://clickette.net/u/xEA71h.jpg",
      "title": "idk what to put here lol"
    },
    "19": {
      "url": "https://clickette.net/u/JJsjOD.jpg",
      "title": "no light!!!!"
    },
    "20": {
      "url": "https://clickette.net/u/TgCrUJ.jpg",
      "title": "someone save ginger from spidor :((("
    },
    "21": {
      "url": "https://clickette.net/u/qlxLO2.jpg",
      "title": "eeping!!!"
    },
    "22": {
      "url": "https://clickette.net/u/bMNYK3.jpg",
      "title": "here comes the sun dudu dudu"
    },
    "23": {
      "url": "https://clickette.net/u/ft2da1.jpg",
      "title": "ginger not eepy!!! ginger awake!!!"
    },
    "24": {
      "url": "https://clickette.net/u/cGjhpm.jpg",
      "title": "ginger is judging........"
    }
  }